{"cameraMode":{"drawMode":0,"name":"Shaded","section":"Shading Mode"},"sceneLighting":true,"audioPlay":false,"sceneViewState":{"m_AlwaysRefresh":false,"showFog":true,"showSkybox":true,"showFlares":true,"showImageEffects":true,"showParticleSystems":true,"showVisualEffectGraphs":true,"m_FxEnabled":true},"in2DMode":false,"pivot":{"x":-0.4841933250427246,"y":13.032243728637696,"z":-3.1169188022613527},"rotation":{"x":0.2842912971973419,"y":0.4736389219760895,"z":-0.16477951407432557,"w":0.8171359896659851},"size":2.4890053272247316,"orthographic":false}