{"cameraMode":{"drawMode":0,"name":"Shaded","section":"Shading Mode"},"sceneLighting":true,"audioPlay":false,"sceneViewState":{"m_AlwaysRefresh":false,"showFog":true,"showSkybox":true,"showFlares":true,"showImageEffects":true,"showParticleSystems":true,"showVisualEffectGraphs":true,"m_FxEnabled":true},"in2DMode":false,"pivot":{"x":-0.5886285901069641,"y":16.046932220458986,"z":0.6301662921905518},"rotation":{"x":-0.015407580882310868,"y":-0.915461540222168,"z":0.035161931067705157,"w":-0.40063348412513735},"size":0.3756820857524872,"orthographic":false}