{"cameraMode":{"drawMode":0,"name":"Shaded","section":"Shading Mode"},"sceneLighting":true,"audioPlay":false,"sceneViewState":{"m_AlwaysRefresh":false,"showFog":true,"showSkybox":true,"showFlares":true,"showImageEffects":true,"showParticleSystems":true,"showVisualEffectGraphs":true,"m_FxEnabled":true},"in2DMode":false,"pivot":{"x":0.6503242254257202,"y":1.314258098602295,"z":0.8580548763275147},"rotation":{"x":-0.004728732164949179,"y":0.9948034286499023,"z":-0.08557378500699997,"w":-0.054967887699604037},"size":0.5355016589164734,"orthographic":false}