{"cameraMode":{"drawMode":0,"name":"Shaded","section":"Shading Mode"},"sceneLighting":true,"audioPlay":false,"sceneViewState":{"m_AlwaysRefresh":false,"showFog":true,"showSkybox":true,"showFlares":true,"showImageEffects":true,"showParticleSystems":true,"showVisualEffectGraphs":true,"m_FxEnabled":true},"in2DMode":false,"pivot":{"x":-1.5640740394592286,"y":0.7173632383346558,"z":0.0035581588745117189},"rotation":{"x":-0.09404972940683365,"y":0.5741119384765625,"z":-0.06660865247249603,"w":-0.8106781244277954},"size":6.637253284454346,"orthographic":false}