{"cameraMode":{"drawMode":0,"name":"Shaded","section":"Shading Mode"},"sceneLighting":true,"audioPlay":false,"sceneViewState":{"m_AlwaysRefresh":false,"showFog":true,"showSkybox":true,"showFlares":true,"showImageEffects":true,"showParticleSystems":true,"showVisualEffectGraphs":true,"m_FxEnabled":true},"in2DMode":false,"pivot":{"x":0.7682312726974487,"y":2.452988862991333,"z":0.7200360298156738},"rotation":{"x":0.0024707966949790718,"y":0.9897186160087586,"z":-0.14199739694595338,"w":0.017220959067344667},"size":2.054868459701538,"orthographic":false}