{"cameraMode":{"drawMode":0,"name":"Shaded","section":"Shading Mode"},"sceneLighting":false,"audioPlay":false,"sceneViewState":{"m_AlwaysRefresh":false,"showFog":true,"showSkybox":false,"showFlares":true,"showImageEffects":true,"showParticleSystems":true,"showVisualEffectGraphs":true,"m_FxEnabled":true},"in2DMode":false,"pivot":{"x":689.9772338867188,"y":540.0189208984375,"z":0.007835596799850464},"rotation":{"x":-0.07123588770627976,"y":0.9203409552574158,"z":-0.19935038685798646,"w":-0.32887497544288638},"size":0.3535533845424652,"orthographic":false}