{"cameraMode":{"drawMode":0,"name":"Shaded","section":"Shading Mode"},"sceneLighting":false,"audioPlay":false,"sceneViewState":{"m_AlwaysRefresh":false,"showFog":true,"showSkybox":false,"showFlares":true,"showImageEffects":true,"showParticleSystems":true,"showVisualEffectGraphs":true,"m_FxEnabled":true},"in2DMode":false,"pivot":{"x":0.9800000190734863,"y":6.4070000648498539,"z":-4.300000190734863},"rotation":{"x":-0.0007522391970269382,"y":0.998053789138794,"z":0.06114761903882027,"w":0.012277625501155854},"size":1.863481879234314,"orthographic":false}