{"cameraMode":{"drawMode":0,"name":"Shaded","section":"Shading Mode"},"sceneLighting":false,"audioPlay":false,"sceneViewState":{"m_AlwaysRefresh":false,"showFog":true,"showSkybox":false,"showFlares":true,"showImageEffects":true,"showParticleSystems":true,"showVisualEffectGraphs":true,"m_FxEnabled":true},"in2DMode":false,"pivot":{"x":-0.4865780472755432,"y":0.18129536509513856,"z":0.5383333563804627},"rotation":{"x":-0.02826593816280365,"y":0.3349509537220001,"z":-0.01004029531031847,"w":-0.9417979717254639},"size":0.8008595705032349,"orthographic":false}