{"cameraMode":{"drawMode":0,"name":"Shaded","section":"Shading Mode"},"sceneLighting":false,"audioPlay":false,"sceneViewState":{"m_AlwaysRefresh":false,"showFog":true,"showSkybox":false,"showFlares":true,"showImageEffects":true,"showParticleSystems":true,"showVisualEffectGraphs":true,"m_FxEnabled":true},"in2DMode":false,"pivot":{"x":-0.05577384680509567,"y":5.45672082901001,"z":7.730235576629639},"rotation":{"x":-0.005005836021155119,"y":0.9949625730514526,"z":0.07536488026380539,"w":0.06605986505746842},"size":0.6273413896560669,"orthographic":false}