{"cameraMode":{"drawMode":0,"name":"Shaded","section":"Shading Mode"},"sceneLighting":false,"audioPlay":false,"sceneViewState":{"m_AlwaysRefresh":false,"showFog":true,"showSkybox":false,"showFlares":true,"showImageEffects":true,"showParticleSystems":true,"showVisualEffectGraphs":true,"m_FxEnabled":true},"in2DMode":false,"pivot":{"x":0.6282178163528442,"y":5.342464447021484,"z":7.142534255981445},"rotation":{"x":0.011836839839816094,"y":0.9795863032341003,"z":-0.1913394182920456,"w":0.06061331927776337},"size":0.8555561900138855,"orthographic":false}