{"cameraMode":{"drawMode":0,"name":"Shaded","section":"Shading Mode"},"sceneLighting":false,"audioPlay":false,"sceneViewState":{"m_AlwaysRefresh":false,"showFog":true,"showSkybox":false,"showFlares":true,"showImageEffects":true,"showParticleSystems":true,"showVisualEffectGraphs":true,"m_FxEnabled":true},"in2DMode":false,"pivot":{"x":-0.46019256114959719,"y":5.666581630706787,"z":7.427971839904785},"rotation":{"x":0.004369542934000492,"y":0.9765088558197022,"z":-0.019922973588109018,"w":0.21457284688949586},"size":0.4294159710407257,"orthographic":false}