{"cameraMode":{"drawMode":0,"name":"Shaded","section":"Shading Mode"},"sceneLighting":false,"audioPlay":false,"sceneViewState":{"m_AlwaysRefresh":false,"showFog":true,"showSkybox":false,"showFlares":true,"showImageEffects":true,"showParticleSystems":true,"showVisualEffectGraphs":true,"m_FxEnabled":true},"in2DMode":false,"pivot":{"x":0.4488644003868103,"y":16.243450164794923,"z":-0.24155020713806153},"rotation":{"x":-0.004199363756924868,"y":-0.9952219724655151,"z":0.0841074287891388,"w":-0.04988114535808563},"size":1.1957323551177979,"orthographic":false}