{"cameraMode":{"drawMode":0,"name":"Shaded","section":"Shading Mode"},"sceneLighting":false,"audioPlay":false,"sceneViewState":{"m_AlwaysRefresh":false,"showFog":true,"showSkybox":false,"showFlares":true,"showImageEffects":true,"showParticleSystems":true,"showVisualEffectGraphs":true,"m_FxEnabled":true},"in2DMode":false,"pivot":{"x":0.11017755419015885,"y":16.98305892944336,"z":1.2695963382720948},"rotation":{"x":-0.01335643045604229,"y":-0.9796743988990784,"z":0.18771030008792878,"w":-0.06975127011537552},"size":0.4328427314758301,"orthographic":false}