{"cameraMode":{"drawMode":0,"name":"Shaded","section":"Shading Mode"},"sceneLighting":false,"audioPlay":false,"sceneViewState":{"m_AlwaysRefresh":false,"showFog":true,"showSkybox":false,"showFlares":true,"showImageEffects":true,"showParticleSystems":true,"showVisualEffectGraphs":true,"m_FxEnabled":true},"in2DMode":false,"pivot":{"x":0.1271573305130005,"y":16.808696746826173,"z":0.8180798292160034},"rotation":{"x":-0.12503795325756074,"y":0.8042570948600769,"z":-0.18229646980762483,"w":-0.551644504070282},"size":0.0550871379673481,"orthographic":false}