{"cameraMode":{"drawMode":0,"name":"Shaded","section":"Shading Mode"},"sceneLighting":false,"audioPlay":false,"sceneViewState":{"m_AlwaysRefresh":false,"showFog":true,"showSkybox":false,"showFlares":true,"showImageEffects":true,"showParticleSystems":true,"showVisualEffectGraphs":true,"m_FxEnabled":true},"in2DMode":false,"pivot":{"x":0.2812598645687103,"y":0.5970668196678162,"z":-0.42060405015945437},"rotation":{"x":-0.0007522391970269382,"y":0.998053789138794,"z":0.06114761903882027,"w":0.012277625501155854},"size":0.7257953882217407,"orthographic":false}