{"cameraMode":{"drawMode":0,"name":"Shaded","section":"Shading Mode"},"sceneLighting":false,"audioPlay":false,"sceneViewState":{"m_AlwaysRefresh":false,"showFog":true,"showSkybox":false,"showFlares":true,"showImageEffects":true,"showParticleSystems":true,"showVisualEffectGraphs":true,"m_FxEnabled":true},"in2DMode":false,"pivot":{"x":0.10433186590671539,"y":5.646856307983398,"z":0.09701675176620484},"rotation":{"x":-0.003530800109729171,"y":-0.995035707950592,"z":0.09190438687801361,"w":-0.03821597248315811},"size":0.3652797043323517,"orthographic":false}